Spinglass, InfoMap, Leiden, Mu
0.936957, 1.000000, 0.982722, 0.100000
0.938100, 1.000000, 0.980998, 0.100000
0.929465, 1.000000, 0.969543, 0.100000
0.907754, 1.000000, 0.952707, 0.100000
0.935792, 1.000000, 0.969416, 0.100000
0.935839, 1.000000, 0.965988, 0.100000
0.934519, 1.000000, 0.971853, 0.100000
0.930023, 1.000000, 0.970784, 0.100000
0.942728, 0.998855, 0.975794, 0.100000
0.933563, 0.998746, 0.975605, 0.100000
0.925158, 1.000000, 0.974606, 0.100000
0.925104, 0.997777, 0.960522, 0.100000
0.924122, 1.000000, 0.975563, 0.100000
0.924364, 0.997711, 0.956296, 0.100000
0.941777, 1.000000, 0.976919, 0.100000
0.915189, 0.998801, 0.960871, 0.100000
0.943029, 1.000000, 0.965504, 0.100000
0.934411, 1.000000, 0.983177, 0.100000
0.923207, 0.997737, 0.950783, 0.100000
0.927182, 0.998711, 0.959530, 0.100000
0.917899, 1.000000, 0.959132, 0.100000
0.924631, 1.000000, 0.961933, 0.100000
0.931223, 1.000000, 0.979716, 0.100000
0.917690, 1.000000, 0.970111, 0.100000
0.931321, 1.000000, 0.971725, 0.100000
0.926671, 1.000000, 0.972751, 0.100000
0.932636, 1.000000, 0.974743, 0.100000
0.932835, 0.997692, 0.967730, 0.100000
0.935925, 0.998701, 0.961070, 0.100000
0.918918, 1.000000, 0.968262, 0.100000
0.939778, 0.998640, 0.976782, 0.100000
0.925884, 1.000000, 0.967151, 0.100000
0.927972, 0.998979, 0.970999, 0.100000
0.919963, 1.000000, 0.964238, 0.100000
0.925961, 0.996722, 0.976320, 0.100000
0.923656, 1.000000, 0.962459, 0.100000
0.943906, 0.998907, 0.976212, 0.100000
0.943569, 0.998821, 0.964421, 0.100000
0.935657, 0.997647, 0.970883, 0.100000
0.930928, 0.998966, 0.953460, 0.100000
0.924811, 1.000000, 0.969684, 0.100000
0.913621, 1.000000, 0.968432, 0.100000
0.947732, 1.000000, 0.987347, 0.100000
0.928979, 1.000000, 0.970740, 0.100000
0.924771, 1.000000, 0.973728, 0.100000
0.938182, 0.998800, 0.968302, 0.100000
0.926399, 1.000000, 0.965571, 0.100000
0.939679, 1.000000, 0.969951, 0.100000
0.905828, 1.000000, 0.950311, 0.100000
0.936794, 0.998681, 0.968938, 0.100000
0.926244, 0.998753, 0.960752, 0.150000
0.926354, 1.000000, 0.956152, 0.150000
0.907780, 0.995609, 0.945429, 0.150000
0.928491, 1.000000, 0.966449, 0.150000
0.925272, 1.000000, 0.960285, 0.150000
0.922754, 0.996867, 0.951486, 0.150000
0.921340, 1.000000, 0.964261, 0.150000
0.914820, 1.000000, 0.954903, 0.150000
0.944469, 0.998774, 0.979689, 0.150000
0.937700, 0.999029, 0.965476, 0.150000
0.931784, 1.000000, 0.959928, 0.150000
0.923625, 1.000000, 0.965275, 0.150000
0.935128, 0.994081, 0.953612, 0.150000
0.917589, 1.000000, 0.957784, 0.150000
0.913021, 0.998984, 0.942170, 0.150000
0.927816, 1.000000, 0.952394, 0.150000
0.908252, 0.999024, 0.948664, 0.150000
0.935603, 0.997068, 0.969353, 0.150000
0.910517, 1.000000, 0.955377, 0.150000
0.928054, 1.000000, 0.961447, 0.150000
0.932382, 1.000000, 0.965860, 0.150000
0.912674, 0.998936, 0.960028, 0.150000
0.916820, 1.000000, 0.956843, 0.150000
0.953376, 0.997450, 0.977874, 0.150000
0.916568, 0.999009, 0.957234, 0.150000
0.942404, 0.997631, 0.968638, 0.150000
0.937641, 0.998856, 0.976698, 0.150000
0.925726, 0.998972, 0.969140, 0.150000
0.931063, 1.000000, 0.962861, 0.150000
0.916836, 0.997005, 0.949764, 0.150000
0.920933, 0.998849, 0.941395, 0.150000
0.921246, 1.000000, 0.962724, 0.150000
0.942230, 0.998762, 0.974301, 0.150000
0.934501, 0.997076, 0.959059, 0.150000
0.932432, 0.998830, 0.971291, 0.150000
0.932153, 1.000000, 0.961561, 0.150000
0.920038, 0.998844, 0.950672, 0.150000
0.929053, 0.998701, 0.963399, 0.150000
0.922628, 0.998855, 0.950495, 0.150000
0.923810, 0.998914, 0.949421, 0.150000
0.933570, 0.997777, 0.970304, 0.150000
0.932934, 0.998721, 0.958957, 0.150000
0.915583, 0.998235, 0.955315, 0.150000
0.939795, 1.000000, 0.967983, 0.150000
0.922618, 0.999074, 0.964186, 0.150000
0.924957, 0.998785, 0.952583, 0.150000
0.934116, 0.998879, 0.972131, 0.150000
0.923142, 0.999368, 0.970754, 0.150000
0.923702, 1.000000, 0.958062, 0.150000
0.926300, 0.999044, 0.954561, 0.150000
0.927175, 0.992827, 0.959404, 0.200000
0.940717, 0.998885, 0.961019, 0.200000
0.933457, 0.997782, 0.965508, 0.200000
0.923775, 0.997778, 0.952218, 0.200000
0.926893, 0.995273, 0.958967, 0.200000
0.912512, 0.998806, 0.940060, 0.200000
0.938889, 0.998645, 0.965405, 0.200000
0.916945, 0.997876, 0.937593, 0.200000
0.920758, 0.992974, 0.957256, 0.200000
0.910914, 0.997897, 0.942528, 0.200000
0.945020, 1.000000, 0.968147, 0.200000
0.931196, 0.997603, 0.952260, 0.200000
0.925645, 0.992931, 0.944109, 0.200000
0.928282, 0.997762, 0.957748, 0.200000
0.926514, 0.997598, 0.945928, 0.200000
0.924048, 0.998801, 0.940076, 0.200000
0.916414, 0.998817, 0.951991, 0.200000
0.924018, 0.998446, 0.950274, 0.200000
0.929935, 0.997592, 0.940196, 0.200000
0.925258, 0.996694, 0.949243, 0.200000
0.924752, 0.996935, 0.954947, 0.200000
0.923567, 0.993616, 0.949126, 0.200000
0.901183, 1.000000, 0.937425, 0.200000
0.934231, 0.997772, 0.959298, 0.200000
0.912587, 1.000000, 0.937587, 0.200000
0.923008, 0.995578, 0.943521, 0.200000
0.920469, 0.997693, 0.953894, 0.200000
0.924702, 0.996290, 0.949906, 0.200000
0.923566, 0.996705, 0.954175, 0.200000
0.918546, 0.997664, 0.955310, 0.200000
0.916638, 0.998939, 0.942818, 0.200000
0.929964, 0.997823, 0.961446, 0.200000
0.936843, 0.998738, 0.958743, 0.200000
0.941803, 0.997343, 0.960735, 0.200000
0.939544, 0.992967, 0.938283, 0.200000
0.919688, 0.998736, 0.943348, 0.200000
0.922900, 0.996620, 0.934809, 0.200000
0.934851, 1.000000, 0.960321, 0.200000
0.930754, 1.000000, 0.964378, 0.200000
0.937446, 0.993816, 0.962296, 0.200000
0.906152, 0.998764, 0.948351, 0.200000
0.945004, 0.998671, 0.971893, 0.200000
0.933520, 0.994058, 0.943698, 0.200000
0.917658, 1.000000, 0.950635, 0.200000
0.939428, 0.997960, 0.961344, 0.200000
0.936556, 1.000000, 0.961772, 0.200000
0.916070, 0.997700, 0.954264, 0.200000
0.937123, 0.995858, 0.956678, 0.200000
0.934082, 0.995605, 0.952528, 0.200000
0.921156, 0.997838, 0.948177, 0.200000
0.906454, 0.985664, 0.914455, 0.250000
0.899783, 0.990318, 0.916817, 0.250000
0.907442, 0.988605, 0.928142, 0.250000
0.902489, 0.988857, 0.895495, 0.250000
0.902488, 0.983868, 0.886267, 0.250000
0.905136, 0.989892, 0.918255, 0.250000
0.919326, 0.987330, 0.926234, 0.250000
0.901550, 0.975443, 0.903487, 0.250000
0.916318, 0.986298, 0.908597, 0.250000
0.899887, 0.987336, 0.914212, 0.250000
0.898440, 0.979489, 0.899565, 0.250000
0.920530, 0.990977, 0.936599, 0.250000
0.902113, 0.990576, 0.918645, 0.250000
0.914742, 0.979578, 0.908024, 0.250000
0.918876, 0.991261, 0.923046, 0.250000
0.904452, 0.994724, 0.919073, 0.250000
0.925116, 0.994150, 0.940561, 0.250000
0.913961, 0.982808, 0.914547, 0.250000
0.900824, 0.977190, 0.896473, 0.250000
0.918907, 0.983973, 0.910337, 0.250000
0.893141, 0.976618, 0.909053, 0.250000
0.923426, 0.985433, 0.931545, 0.250000
0.900629, 0.991729, 0.889708, 0.250000
0.910788, 0.988778, 0.926721, 0.250000
0.904671, 0.992897, 0.908106, 0.250000
0.913101, 0.989310, 0.917704, 0.250000
0.907846, 0.994372, 0.899450, 0.250000
0.922284, 0.990962, 0.916586, 0.250000
0.915943, 0.987532, 0.917724, 0.250000
0.907789, 0.979097, 0.904380, 0.250000
0.907011, 0.983231, 0.901186, 0.250000
0.909932, 0.983626, 0.917306, 0.250000
0.913682, 0.987156, 0.910566, 0.250000
0.910551, 0.986121, 0.920163, 0.250000
0.910650, 0.987900, 0.914099, 0.250000
0.913228, 0.985986, 0.906575, 0.250000
0.920963, 0.990212, 0.930676, 0.250000
0.919787, 0.993019, 0.929680, 0.250000
0.923486, 0.993070, 0.926492, 0.250000
0.908563, 0.987443, 0.928585, 0.250000
0.922995, 0.987604, 0.918666, 0.250000
0.899691, 0.989609, 0.911434, 0.250000
0.913247, 0.991990, 0.918804, 0.250000
0.900394, 0.987580, 0.913970, 0.250000
0.924005, 0.984245, 0.930586, 0.250000
0.914186, 0.989178, 0.911300, 0.250000
0.914856, 0.977334, 0.911732, 0.250000
0.893586, 0.995757, 0.890885, 0.250000
0.904636, 0.990530, 0.905530, 0.250000
0.914404, 0.989689, 0.898167, 0.250000
0.906666, 0.974512, 0.884955, 0.300000
0.897673, 0.977377, 0.913422, 0.300000
0.904690, 0.984355, 0.901075, 0.300000
0.881743, 0.988758, 0.886387, 0.300000
0.904383, 0.969191, 0.906940, 0.300000
0.901613, 0.987484, 0.896789, 0.300000
0.902641, 0.979231, 0.886361, 0.300000
0.906229, 0.980389, 0.890604, 0.300000
0.897540, 0.974089, 0.901404, 0.300000
0.901224, 0.978199, 0.887780, 0.300000
0.908297, 0.986581, 0.898282, 0.300000
0.896366, 0.986359, 0.888632, 0.300000
0.904224, 0.953652, 0.881025, 0.300000
0.886987, 0.976480, 0.882694, 0.300000
0.905319, 0.979201, 0.891165, 0.300000
0.909298, 0.982505, 0.890785, 0.300000
0.907437, 0.975304, 0.887573, 0.300000
0.905724, 0.980404, 0.905152, 0.300000
0.911890, 0.986702, 0.899115, 0.300000
0.917862, 0.989412, 0.894033, 0.300000
0.874732, 0.988133, 0.887850, 0.300000
0.895990, 0.966497, 0.883326, 0.300000
0.912429, 0.986952, 0.913014, 0.300000
0.895311, 0.972460, 0.866566, 0.300000
0.903584, 0.990117, 0.893386, 0.300000
0.897987, 0.981616, 0.874992, 0.300000
0.916642, 0.974761, 0.917361, 0.300000
0.897301, 0.978000, 0.894098, 0.300000
0.902430, 0.968650, 0.890273, 0.300000
0.898231, 0.980980, 0.870399, 0.300000
0.911031, 0.983569, 0.893962, 0.300000
0.902218, 0.970184, 0.867761, 0.300000
0.890422, 0.968845, 0.874534, 0.300000
0.903209, 0.980256, 0.878340, 0.300000
0.909366, 0.981538, 0.907778, 0.300000
0.901075, 0.983843, 0.879819, 0.300000
0.890994, 0.988312, 0.883326, 0.300000
0.916005, 0.975977, 0.928347, 0.300000
0.911072, 0.985971, 0.881060, 0.300000
0.879586, 0.984003, 0.876508, 0.300000
0.894595, 0.977844, 0.858044, 0.300000
0.899492, 0.977444, 0.849724, 0.300000
0.919245, 0.988012, 0.904532, 0.300000
0.888185, 0.980218, 0.896983, 0.300000
0.892707, 0.975965, 0.883270, 0.300000
0.893304, 0.984932, 0.859458, 0.300000
0.892430, 0.980803, 0.886919, 0.300000
0.897191, 0.983923, 0.908913, 0.300000
0.899804, 0.989700, 0.882044, 0.300000
0.914559, 0.969179, 0.904120, 0.300000
0.786169, 0.909385, 0.727293, 0.350000
0.818272, 0.913357, 0.789757, 0.350000
0.832712, 0.911235, 0.755514, 0.350000
0.833050, 0.919725, 0.778923, 0.350000
0.817977, 0.914755, 0.733503, 0.350000
0.812020, 0.919738, 0.761230, 0.350000
0.867072, 0.911481, 0.755926, 0.350000
0.834536, 0.920285, 0.766614, 0.350000
0.852048, 0.907501, 0.779630, 0.350000
0.836601, 0.942568, 0.802410, 0.350000
0.841325, 0.905776, 0.773758, 0.350000
0.837847, 0.941214, 0.775156, 0.350000
0.855497, 0.910280, 0.798787, 0.350000
0.838139, 0.902924, 0.744303, 0.350000
0.837792, 0.914932, 0.733985, 0.350000
0.847516, 0.900307, 0.765525, 0.350000
0.859259, 0.934766, 0.783632, 0.350000
0.833130, 0.909294, 0.739913, 0.350000
0.848267, 0.926773, 0.800529, 0.350000
0.829614, 0.915159, 0.753407, 0.350000
0.837529, 0.913628, 0.775345, 0.350000
0.836031, 0.918352, 0.791758, 0.350000
0.818840, 0.904899, 0.785684, 0.350000
0.878953, 0.905487, 0.776901, 0.350000
0.829896, 0.901882, 0.756442, 0.350000
0.827326, 0.897985, 0.742308, 0.350000
0.838660, 0.913293, 0.760484, 0.350000
0.830148, 0.924757, 0.805723, 0.350000
0.813025, 0.924307, 0.794922, 0.350000
0.835567, 0.895047, 0.755089, 0.350000
0.820123, 0.919937, 0.757219, 0.350000
0.814370, 0.920762, 0.771960, 0.350000
0.836118, 0.917695, 0.770514, 0.350000
0.830912, 0.913144, 0.782417, 0.350000
0.811489, 0.885247, 0.716350, 0.350000
0.843617, 0.935943, 0.771940, 0.350000
0.820270, 0.919540, 0.746004, 0.350000
0.813045, 0.909478, 0.734602, 0.350000
0.827838, 0.911978, 0.772092, 0.350000
0.833853, 0.911147, 0.776624, 0.350000
0.830484, 0.933717, 0.778342, 0.350000
0.846932, 0.913587, 0.745974, 0.350000
0.844026, 0.899822, 0.755771, 0.350000
0.812396, 0.913793, 0.768417, 0.350000
0.851865, 0.897177, 0.804554, 0.350000
0.782692, 0.895652, 0.701136, 0.350000
0.825427, 0.911005, 0.767867, 0.350000
0.773477, 0.896218, 0.725051, 0.350000
0.822512, 0.935000, 0.790892, 0.350000
0.812154, 0.918320, 0.759960, 0.350000
0.756380, 0.804666, 0.617383, 0.400000
0.738906, 0.829649, 0.655466, 0.400000
0.773828, 0.837393, 0.673424, 0.400000
0.790720, 0.835334, 0.706485, 0.400000
0.767665, 0.863103, 0.691020, 0.400000
0.779553, 0.816166, 0.640933, 0.400000
0.732809, 0.847454, 0.643192, 0.400000
0.758014, 0.835916, 0.616760, 0.400000
0.761425, 0.838665, 0.635001, 0.400000
0.762162, 0.862341, 0.646448, 0.400000
0.792975, 0.875489, 0.704691, 0.400000
0.768425, 0.837203, 0.642764, 0.400000
0.764142, 0.844537, 0.621680, 0.400000
0.777556, 0.862931, 0.721483, 0.400000
0.793392, 0.867553, 0.682451, 0.400000
0.779946, 0.840081, 0.715669, 0.400000
0.796395, 0.888271, 0.745313, 0.400000
0.737470, 0.847973, 0.682926, 0.400000
0.776043, 0.856285, 0.690782, 0.400000
0.774507, 0.845041, 0.717868, 0.400000
0.796657, 0.889994, 0.704617, 0.400000
0.784406, 0.877841, 0.728932, 0.400000
0.767658, 0.833669, 0.637389, 0.400000
0.782855, 0.845690, 0.658411, 0.400000
0.744262, 0.824704, 0.629486, 0.400000
0.791758, 0.879160, 0.654065, 0.400000
0.790232, 0.886220, 0.668860, 0.400000
0.764789, 0.842095, 0.670972, 0.400000
0.793106, 0.805409, 0.658957, 0.400000
0.777081, 0.827521, 0.687166, 0.400000
0.755857, 0.891259, 0.699838, 0.400000
0.752762, 0.790362, 0.588316, 0.400000
0.792928, 0.880325, 0.694737, 0.400000
0.719758, 0.810128, 0.666950, 0.400000
0.737862, 0.854243, 0.698536, 0.400000
0.743149, 0.868683, 0.659054, 0.400000
0.792065, 0.826118, 0.620139, 0.400000
0.781769, 0.820546, 0.700827, 0.400000
0.758605, 0.844536, 0.645935, 0.400000
0.777342, 0.861321, 0.650289, 0.400000
0.773349, 0.872831, 0.660890, 0.400000
0.783969, 0.881989, 0.668506, 0.400000
0.756647, 0.814338, 0.668742, 0.400000
0.787884, 0.846544, 0.679054, 0.400000
0.755985, 0.852311, 0.687280, 0.400000
0.751602, 0.827049, 0.669182, 0.400000
0.741136, 0.834248, 0.662688, 0.400000
0.714674, 0.828049, 0.634037, 0.400000
0.759896, 0.837009, 0.685134, 0.400000
0.805076, 0.881471, 0.698327, 0.400000
0.625323, 0.716725, 0.531611, 0.450000
0.647238, 0.700441, 0.546503, 0.450000
0.638647, 0.671742, 0.459888, 0.450000
0.649711, 0.687829, 0.492314, 0.450000
0.632216, 0.688397, 0.507070, 0.450000
0.660034, 0.680877, 0.481294, 0.450000
0.653508, 0.730757, 0.488638, 0.450000
0.576106, 0.605257, 0.443086, 0.450000
0.646536, 0.712849, 0.549772, 0.450000
0.610158, 0.692790, 0.500920, 0.450000
0.654451, 0.752104, 0.569419, 0.450000
0.586631, 0.660943, 0.530576, 0.450000
0.642558, 0.655877, 0.456483, 0.450000
0.619279, 0.734111, 0.513043, 0.450000
0.684191, 0.704620, 0.564240, 0.450000
0.651825, 0.666877, 0.486429, 0.450000
0.634084, 0.709124, 0.526014, 0.450000
0.619762, 0.713015, 0.544218, 0.450000
0.643987, 0.661546, 0.530562, 0.450000
0.655830, 0.720137, 0.544646, 0.450000
0.583588, 0.681436, 0.479858, 0.450000
0.564173, 0.606849, 0.411539, 0.450000
0.593606, 0.615517, 0.474087, 0.450000
0.675766, 0.680300, 0.503796, 0.450000
0.625112, 0.674197, 0.525296, 0.450000
0.667359, 0.733596, 0.496489, 0.450000
0.620471, 0.694883, 0.511926, 0.450000
0.661936, 0.705598, 0.500557, 0.450000
0.683014, 0.708016, 0.523188, 0.450000
0.620973, 0.757906, 0.525813, 0.450000
0.625892, 0.688630, 0.503096, 0.450000
0.627023, 0.664642, 0.468007, 0.450000
0.616989, 0.682770, 0.478444, 0.450000
0.688083, 0.703438, 0.576826, 0.450000
0.624973, 0.652036, 0.483586, 0.450000
0.619182, 0.756934, 0.519562, 0.450000
0.640742, 0.716982, 0.561840, 0.450000
0.635842, 0.683208, 0.524640, 0.450000
0.684514, 0.713430, 0.535397, 0.450000
0.622046, 0.640485, 0.439849, 0.450000
0.611506, 0.687429, 0.496600, 0.450000
0.594035, 0.684360, 0.434633, 0.450000
0.588018, 0.678539, 0.472746, 0.450000
0.589653, 0.703368, 0.492035, 0.450000
0.617145, 0.698446, 0.499910, 0.450000
0.605990, 0.738201, 0.515545, 0.450000
0.652415, 0.720509, 0.533659, 0.450000
0.648910, 0.702759, 0.527824, 0.450000
0.596105, 0.668428, 0.526236, 0.450000
0.688242, 0.754015, 0.579194, 0.450000
0.450588, 0.566440, 0.412787, 0.500000
0.499345, 0.581326, 0.352379, 0.500000
0.476829, 0.554040, 0.363190, 0.500000
0.472754, 0.555431, 0.396290, 0.500000
0.433568, 0.483223, 0.327959, 0.500000
0.440138, 0.532946, 0.364556, 0.500000
0.399109, 0.494524, 0.330387, 0.500000
0.409785, 0.499125, 0.320706, 0.500000
0.447774, 0.551822, 0.413185, 0.500000
0.450935, 0.506167, 0.355712, 0.500000
0.448535, 0.585821, 0.348481, 0.500000
0.439956, 0.502242, 0.352719, 0.500000
0.469962, 0.556467, 0.383616, 0.500000
0.423079, 0.496383, 0.317065, 0.500000
0.399748, 0.505451, 0.330869, 0.500000
0.429352, 0.533762, 0.374903, 0.500000
0.432823, 0.519581, 0.366275, 0.500000
0.442686, 0.576845, 0.350282, 0.500000
0.459998, 0.542153, 0.308820, 0.500000
0.450304, 0.564051, 0.372883, 0.500000
0.505746, 0.547361, 0.383110, 0.500000
0.441202, 0.528693, 0.373479, 0.500000
0.426420, 0.495687, 0.334947, 0.500000
0.448614, 0.557640, 0.344701, 0.500000
0.471233, 0.545133, 0.356529, 0.500000
0.439459, 0.557670, 0.350429, 0.500000
0.430338, 0.539445, 0.364887, 0.500000
0.448144, 0.516811, 0.357096, 0.500000
0.440641, 0.514110, 0.337417, 0.500000
0.385516, 0.505649, 0.363327, 0.500000
0.457591, 0.542818, 0.352714, 0.500000
0.393614, 0.539057, 0.318789, 0.500000
0.489804, 0.553248, 0.388689, 0.500000
0.420032, 0.555940, 0.344493, 0.500000
0.437939, 0.517846, 0.334090, 0.500000
0.428199, 0.540164, 0.304201, 0.500000
0.404204, 0.516336, 0.375160, 0.500000
0.500545, 0.608477, 0.349826, 0.500000
0.455360, 0.564181, 0.368082, 0.500000
0.421933, 0.501507, 0.326627, 0.500000
0.442807, 0.532660, 0.384328, 0.500000
0.464279, 0.511112, 0.376621, 0.500000
0.455851, 0.532218, 0.367714, 0.500000
0.478583, 0.531854, 0.379483, 0.500000
0.489384, 0.555281, 0.382978, 0.500000
0.457211, 0.569198, 0.378117, 0.500000
0.438607, 0.544816, 0.365218, 0.500000
0.415082, 0.499122, 0.342722, 0.500000
0.401500, 0.511606, 0.301317, 0.500000
0.457480, 0.531140, 0.356968, 0.500000
0.377928, -0.218750, 0.282780, 0.550000
0.344880, -0.968750, 0.248609, 0.550000
0.332754, -0.937500, 0.240252, 0.550000
0.313262, -0.718750, 0.235666, 0.550000
0.305836, -1.250000, 0.234976, 0.550000
0.333728, -0.656250, 0.225700, 0.550000
0.298881, -0.281250, 0.241117, 0.550000
0.327327, -0.375000, 0.239450, 0.550000
0.347431, -0.375000, 0.233435, 0.550000
0.322358, -1.000000, 0.283443, 0.550000
0.282836, -0.875000, 0.220702, 0.550000
0.321466, -0.781250, 0.248587, 0.550000
0.273536, -0.968750, 0.223033, 0.550000
0.340472, -1.531250, 0.250094, 0.550000
0.339883, -0.062500, 0.239965, 0.550000
0.340474, -1.437500, 0.280776, 0.550000
0.350735, -0.781250, 0.293733, 0.550000
0.284963, -1.125000, 0.264331, 0.550000
0.365907, -0.625000, 0.283363, 0.550000
0.305946, -1.062500, 0.264042, 0.550000
0.318315, -1.375000, 0.231292, 0.550000
0.290784, -1.281250, 0.263343, 0.550000
0.349351, -0.750000, 0.251109, 0.550000
0.329028, -0.968750, 0.258383, 0.550000
0.366241, -1.031250, 0.285890, 0.550000
0.317138, -1.281250, 0.277971, 0.550000
0.325316, -0.750000, 0.235491, 0.550000
0.293696, -1.312500, 0.243363, 0.550000
0.307850, -0.625000, 0.234645, 0.550000
0.312662, -1.562500, 0.255563, 0.550000
0.280082, -0.312500, 0.279344, 0.550000
0.358389, -0.968750, 0.238369, 0.550000
0.249427, -1.031250, 0.216929, 0.550000
0.357533, -0.843750, 0.288575, 0.550000
0.329965, -0.781250, 0.266140, 0.550000
0.261276, -1.531250, 0.235002, 0.550000
0.309921, -0.968750, 0.225810, 0.550000
0.361073, -0.593750, 0.290435, 0.550000
0.291355, -0.843750, 0.261565, 0.550000
0.317078, -1.125000, 0.257686, 0.550000
0.317960, -0.750000, 0.248553, 0.550000
0.310768, -0.937500, 0.291449, 0.550000
0.302448, -1.062500, 0.241697, 0.550000
0.290358, -0.500000, 0.243808, 0.550000
0.326073, -0.906250, 0.263424, 0.550000
0.361857, -0.781250, 0.250441, 0.550000
0.324410, -1.156250, 0.316926, 0.550000
0.309522, -0.781250, 0.275383, 0.550000
0.325739, -1.000000, 0.233229, 0.550000
0.330740, -1.437500, 0.248351, 0.550000
0.185820, -0.875000, 0.190820, 0.600000
0.239533, -0.937500, 0.197220, 0.600000
0.222996, -0.156250, 0.214286, 0.600000
0.235176, -0.843750, 0.197203, 0.600000
0.187781, -0.437500, 0.176810, 0.600000
0.153710, -0.968750, 0.157014, 0.600000
0.212725, -0.781250, 0.202273, 0.600000
0.207554, -0.625000, 0.194964, 0.600000
0.208283, -0.625000, 0.158626, 0.600000
0.216300, -1.218750, 0.202763, 0.600000
0.199824, -1.187500, 0.188298, 0.600000
0.186367, -0.687500, 0.204220, 0.600000
0.210600, -0.906250, 0.203580, 0.600000
0.164067, -1.218750, 0.173400, 0.600000
0.176789, -0.718750, 0.160619, 0.600000
0.206283, -1.281250, 0.191184, 0.600000
0.221000, -1.250000, 0.198110, 0.600000
0.176521, -0.656250, 0.168673, 0.600000
0.198165, -0.375000, 0.193718, 0.600000
0.233428, -1.125000, 0.236374, 0.600000
0.203107, -0.625000, 0.194721, 0.600000
0.197040, -0.656250, 0.191900, 0.600000
0.213509, -1.437500, 0.188615, 0.600000
0.203541, -0.437500, 0.182382, 0.600000
0.182796, -1.000000, 0.161200, 0.600000
0.176874, -1.000000, 0.190609, 0.600000
0.229006, -0.656250, 0.205569, 0.600000
0.195249, -0.500000, 0.169763, 0.600000
0.251840, -0.968750, 0.191924, 0.600000
0.190106, -0.781250, 0.195704, 0.600000
0.221909, -1.375000, 0.176879, 0.600000
0.204321, -1.000000, 0.205467, 0.600000
0.240028, -0.718750, 0.177506, 0.600000
0.216304, -1.187500, 0.200279, 0.600000
0.215206, -0.937500, 0.194979, 0.600000
0.231876, -0.937500, 0.219149, 0.600000
0.229972, -1.093750, 0.223814, 0.600000
0.189861, -0.750000, 0.193476, 0.600000
0.179616, -0.875000, 0.192666, 0.600000
0.192489, -0.812500, 0.185032, 0.600000
0.236964, -0.156250, 0.188763, 0.600000
0.197260, -1.031250, 0.195007, 0.600000
0.183464, -0.906250, 0.177824, 0.600000
0.211913, -0.500000, 0.195109, 0.600000
0.255703, -0.312500, 0.208396, 0.600000
0.192370, -1.031250, 0.199451, 0.600000
0.197190, -0.562500, 0.183982, 0.600000
0.230961, -0.656250, 0.235223, 0.600000
0.211906, -1.000000, 0.192187, 0.600000
0.198535, -0.718750, 0.200779, 0.600000
0.150959, -0.468750, 0.164003, 0.650000
0.225350, -0.937500, 0.176672, 0.650000
0.151776, -1.406250, 0.169921, 0.650000
0.153862, -0.125000, 0.165302, 0.650000
0.142393, -0.468750, 0.158838, 0.650000
0.166804, -1.000000, 0.184401, 0.650000
0.141962, -0.781250, 0.122327, 0.650000
0.139199, -0.093750, 0.168868, 0.650000
0.126910, -1.031250, 0.146102, 0.650000
0.151456, -1.156250, 0.153814, 0.650000
0.106836, -1.000000, 0.134321, 0.650000
0.171753, -0.968750, 0.194588, 0.650000
0.153051, -0.875000, 0.171492, 0.650000
0.147283, -0.718750, 0.134534, 0.650000
0.160529, -0.562500, 0.162756, 0.650000
0.168192, -1.312500, 0.188381, 0.650000
0.173069, -0.218750, 0.164839, 0.650000
0.149041, -0.406250, 0.148285, 0.650000
0.184804, -0.593750, 0.161513, 0.650000
0.189445, -0.156250, 0.167047, 0.650000
0.124923, -0.468750, 0.131335, 0.650000
0.157293, -1.281250, 0.159083, 0.650000
0.158550, -1.562500, 0.161385, 0.650000
0.157153, -0.937500, 0.186337, 0.650000
0.146323, -0.281250, 0.150782, 0.650000
0.156897, -1.125000, 0.173986, 0.650000
0.163229, -1.000000, 0.132627, 0.650000
0.182449, -0.031250, 0.166307, 0.650000
0.160559, -1.562500, 0.141532, 0.650000
0.145303, -0.906250, 0.156167, 0.650000
0.179924, -0.718750, 0.156523, 0.650000
0.148612, -0.781250, 0.168296, 0.650000
0.171456, -0.375000, 0.158320, 0.650000
0.130443, -0.593750, 0.156658, 0.650000
0.130524, -1.031250, 0.147546, 0.650000
0.126298, -0.906250, 0.146198, 0.650000
0.154521, -1.468750, 0.141684, 0.650000
0.181229, -0.312500, 0.157601, 0.650000
0.134666, -1.187500, 0.164733, 0.650000
0.156355, -0.687500, 0.145709, 0.650000
0.180569, -0.906250, 0.151605, 0.650000
0.158552, -1.031250, 0.159636, 0.650000
0.147455, -1.250000, 0.181028, 0.650000
0.162392, -1.062500, 0.160113, 0.650000
0.159016, -0.937500, 0.166663, 0.650000
0.154097, -1.093750, 0.142893, 0.650000
0.116327, -0.625000, 0.135073, 0.650000
0.171098, -0.875000, 0.167599, 0.650000
0.176165, -1.187500, 0.162477, 0.650000
0.176636, -1.031250, 0.165844, 0.650000
0.151975, -1.031250, 0.152107, 0.700000
0.120659, -0.875000, 0.140757, 0.700000
0.125416, -1.281250, 0.141423, 0.700000
0.125262, -0.187500, 0.143120, 0.700000
0.136916, -1.093750, 0.158966, 0.700000
0.144663, -0.875000, 0.136170, 0.700000
0.127353, -1.312500, 0.140041, 0.700000
0.129682, -1.062500, 0.136631, 0.700000
0.133444, -1.000000, 0.142645, 0.700000
0.139333, -0.468750, 0.136598, 0.700000
0.121426, -1.031250, 0.127388, 0.700000
0.123234, -1.125000, 0.150136, 0.700000
0.128289, -0.812500, 0.138124, 0.700000
0.121938, -1.437500, 0.127647, 0.700000
0.136722, -1.000000, 0.140301, 0.700000
0.114626, -0.937500, 0.140629, 0.700000
0.123801, -0.218750, 0.131078, 0.700000
0.100680, -0.218750, 0.133281, 0.700000
0.112038, -1.125000, 0.148710, 0.700000
0.114779, -1.187500, 0.133345, 0.700000
0.116699, -0.812500, 0.125118, 0.700000
0.148522, -1.406250, 0.148809, 0.700000
0.109028, -0.468750, 0.142869, 0.700000
0.142227, -0.562500, 0.131086, 0.700000
0.136664, -0.812500, 0.147005, 0.700000
0.118242, -0.906250, 0.117638, 0.700000
0.138150, -1.250000, 0.148653, 0.700000
0.120831, -1.468750, 0.173188, 0.700000
0.132717, -1.281250, 0.166922, 0.700000
0.134207, -1.031250, 0.176372, 0.700000
0.078333, -0.593750, 0.127468, 0.700000
0.118291, -0.468750, 0.149695, 0.700000
0.153624, -0.843750, 0.152675, 0.700000
0.123856, -1.031250, 0.125896, 0.700000
0.148843, -1.031250, 0.134174, 0.700000
0.119057, -1.062500, 0.134816, 0.700000
0.119275, -0.468750, 0.154258, 0.700000
0.132148, -1.093750, 0.149482, 0.700000
0.138781, -0.656250, 0.150021, 0.700000
0.112584, -1.062500, 0.134325, 0.700000
0.105550, -1.593750, 0.134811, 0.700000
0.118128, -0.656250, 0.110695, 0.700000
0.134461, -0.468750, 0.144784, 0.700000
0.150933, -0.718750, 0.143732, 0.700000
0.132310, -0.687500, 0.131488, 0.700000
0.115000, -1.187500, 0.119026, 0.700000
0.110206, -0.250000, 0.128882, 0.700000
0.138278, 0.000000, 0.153361, 0.700000
0.126058, -0.937500, 0.140566, 0.700000
0.126793, -0.656250, 0.138501, 0.700000
